Smile or Cry|smile-or-cry/7391902|SkyTop|2026-09-14
SkyFall Autumn 2026|skyfall-autumn-2026/7391116|SkyTop|2026-09-11
ONLYHAUS Pt.1|onlyhaus-pt1/7283038|HAUS|2026-09-04
Club & Deep House Selected Trax|club-deep-house-selected-trax/7362640|Dbeatzion Records|2026-08-24
Vision|vision/7300446|SkyTop|2026-08-17
The Residents|the-residents/7115532|SkyTop|2026-07-10
SkyFall Summer 2026|skyfall-summer-2026/7109220|SkyTop|2026-06-29
Out of Time|out-of-time/6945023|SkyTop|2026-06-05
SkyFall Spring 2026|skyfall-spring-2026/6941986|SkyTop|2026-05-29
9 Years Label Anniversary, Pt. 3|9-years-label-anniversary-pt-3/6444407|SkyTop|2026-05-11
Hold You Close|hold-you-close/5879554|16om|2026-02-06
Showcase, Pt. 3|showcase-pt-3/5733874|SkyTop|2025-12-29
Cruel World|cruel-world/5629856|HAUS|2025-12-26
2025 Showcase, Pt. 2|2025-showcase-pt-2/5716027|SkyTop|2025-12-22
2025 Showcase, Pt. 1|2025-showcase-pt-1/5679650|SkyTop|2025-12-15
Fall Into 2025|fall-into-2025/5575491|SkyTop|2025-12-08
Fleksta|fleksta/5571751|16om|2025-11-14
Haunted|haunted/5397815|SkyTop|2025-10-06
SkyFall Summer 2025|skyfall-summer-2025/5170346|SkyTop|2025-07-21
I Can't Take It Anymore|i-cant-take-it-anymore/5138997|ULTIMA|2025-07-15
Poko Poko EP|poko-poko-ep/5128285|Elly Fly|2025-06-27
Nothing But... Funky Vibes, Vol. 06|nothing-but-funky-vibes-vol-06/5128305|Nothing But|2025-06-20
In the Dark|in-the-dark/5096232|SkyTop|2025-06-16
Nothing But... Funky Vibes, Vol. 05|nothing-but-funky-vibes-vol-05/5065325|Nothing But|2025-05-19
8 Years Label Anniversary, Pt. 2|8-years-label-anniversary-pt-2/5056940|SkyTop|2025-05-12
SkyFall Spring 2025|skyfall-spring-2025/5009925|SkyTop|2025-04-04
SkyFall Winter 2025|skyfall-winter-2025/4930289|SkyTop|2025-02-14
I Need You|i-need-you/4911644|SkyTop|2025-01-31
Proof|proof/4861810|ULTIMA|2025-01-17
2024 Showcase, Pt. 2|2024-showcase-pt-2/4867948|SkyTop|2024-12-30
Reflection|reflection/4845320|SkyTop|2024-12-16
Time Is Frozen|time-is-frozen/4804328|Cafe De Anatolia HUB|2024-12-06
Made by Exx Chill Afro-Melodic-Organic, Vol. 2|made-by-exx-chill-afro-melodic-organic-vol-2/4813473|Exx Chill|2024-11-15
Shape Of My Heart|shape-of-my-heart/4790338|Exx Chill|2024-11-01
Were Going Back|were-going-back/4687323|Slow Cycle Records|2024-08-30
All Night Long|all-night-long/4630530|Bunny Tiger|2024-07-19
This Song of My Heart|this-song-of-my-heart/4627999|VSA Recordings|2024-07-16
Wasser|wasser/4552046|Bassmatic records|2024-05-17
Let the Music Play|let-the-music-play/4517728|VSA Recordings|2024-04-23
Leave This Place / Whant It All|leave-this-place-whant-it-all/4515254|Bassmatic records|2024-04-12
84280|84280/4481309|VSA Recordings|2024-03-28
Indie Dance Compilation 002|indie-dance-compilation-002/4462443|TWO NAME|2024-03-09
Grizli|grizli/4426915|VSA Recordings|2024-02-23
Krasota|krasota/4387314|Pro Stereo Records|2024-01-30
I Do|i-do/4387179|Stress Out|2024-01-26
Uncles Music "Autumn Tape 2023"|uncles-music-autumn-tape-2023/4390849|UNCLES MUSIC|2024-01-25
Commuters Collection 031|commuters-collection-031/4401717|LW Recordings|2024-01-10
Starlight|starlight/4359414|Cafe De Anatolia LAB|2024-01-05
Pills|pills/4374429|Orbita project|2024-01-03
Not Alone|not-alone/4261847|VSA Recordings|2023-11-24
Uncles Music "Summer Tape 2023"|uncles-music-summer-tape-2023/4293950|UNCLES MUSIC|2023-10-28
Bird Song|bird-song/4213920|VSA Recordings|2023-10-27
If You Wanna|if-you-wanna/4213273|VSA Recordings|2023-10-06
Kuaga|kuaga/4209471|VSA Recordings|2023-09-29
Uncles Music "Compilation Indie Dance 003"|uncles-music-compilation-indie-dance-003/4254323|UNCLES MUSIC|2023-09-28
So Wavy|so-wavy/4213904|UNCLES MUSIC|2023-09-15
Uncles Music "Bestseller 019"|uncles-music-bestseller-019/4211247|UNCLES MUSIC|2023-08-26
Bassmatic BOX, Vol. 4|bassmatic-box-vol-4/4235687|Bassmatic records|2023-08-25
I Can`t Control|i-cant-control/4113353|VSA Recordings|2023-08-18
Summer Session 003 (Uncles Music Colors)|summer-session-003-uncles-music-colors/4209446|TWO NAME|2023-08-18
Everything|everything/4112737|VSA Recordings|2023-07-28
Way to Go|way-to-go/4082842|VSA Recordings|2023-07-14
Let You|let-you/4170153|TWO NAME|2023-07-14
Uncles Music "Spring Tape 2023"|uncles-music-spring-tape-2023/4171374|UNCLES MUSIC|2023-07-09
Dream a Color|dream-a-color/4171039|UNCLES MUSIC|2023-07-07
Uncles Music "Bestseller 015"|uncles-music-bestseller-015/4118351|UNCLES MUSIC|2023-06-04
Uncles Music "Compilation Indie Dance 002"|uncles-music-compilation-indie-dance-002/4118294|UNCLES MUSIC|2023-05-21
Breaking the Walls|breaking-the-walls/4014252|VSA Recordings|2023-04-07
Your Eyes|your-eyes/4019225|UNCLES MUSIC|2023-03-24
Uncles Music "Compilation Melodic House 001"|uncles-music-compilation-melodic-house-001/4004765|UNCLES MUSIC|2023-02-18
Holod|holod/3942865|VSA Recordings|2023-01-02
My Affection|my-affection/3930264|Luxury Night|2022-11-25
Seid|seid/3821367|VSA Recordings|2022-10-13
10 Years Selection|10-years-selection/3852541|Heartbeat Records|2022-09-16
I Can't Take It Anymore|i-cant-take-it-anymore/3843092|Luxury Night|2022-09-02
Heartbeat Essential 2021|heartbeat-essential-2021/3594936|Heartbeat Records|2021-12-31
Top for the Year Uncles Music 2021|top-for-the-year-uncles-music-2021/3602622|UNCLES MUSIC|2021-12-31
God Mode Motivation 012|god-mode-motivation-012/3544298|LW Recordings|2021-11-19
UNCLES MUSIC "Summer Tape 2021"|uncles-music-summer-tape-2021/3508667|UNCLES MUSIC|2021-10-13
Five House 7|five-house-7/3480758|Deep House Minister|2021-09-20
Like A Freak|like-a-freak/3488408|Heartbeat Records|2021-08-20
Animals|animals/3432583|UNCLES MUSIC|2021-08-06
Oh My House, Vol. 60|oh-my-house-vol-60/3288947|RH2|2021-02-19
Oh My House, Vol. 57|oh-my-house-vol-57/3182395|RH2|2020-11-06
Motives of House Music Vol. 23|motives-of-house-music-vol-23/3152921|RH2|2020-10-20
House Invaders: Pure House Music Vol. 4.9|house-invaders-pure-house-music-vol-49/3144963|RH2|2020-10-10
Stay Deep, Vol. 1|stay-deep-vol-1/3075877|Dbeatzion Records|2020-08-21
Jack Ur Body, Vol. 28|jack-ur-body-vol-28/3092450|Club Session|2020-08-21
Yes, It's A Housesession - Vol. 42|yes-its-a-housesession-vol-42/3071086|RH2|2020-08-06
Conspiracy House Theories, Issue 20|conspiracy-house-theories-issue-20/3051417|Club Session|2020-07-18
Prestigious House, Vol. 27|prestigious-house-vol-27/3045380|Club Session|2020-07-09
I Need A Break Away EP|i-need-a-break-away-ep/2959487|Exx Muzik|2020-05-22
Different Ways / Astrology|different-ways-astrology/2944918|Bassmatic records|2020-04-30
Money Maker|money-maker/2893092|Heartbeat Records|2020-04-17
Five House|five-house/2863610|Deep House Minister|2020-03-09
Best Of The Year|best-of-the-year/2800860|Heartbeat Records|2019-12-27
Autumn Sampler|autumn-sampler/2687240|Deep House Minister|2019-09-16
You Know|you-know/2685746|Heartbeat Records|2019-09-13
No Way (The Remixes)|no-way-the-remixes/2702099|Dbeatzion Records|2019-09-09
Get Involved With Nu Disco Vol. 14|get-involved-with-nu-disco-vol-14/2609906|Play This! Records|2019-06-07
Devotion 19 // Ibiza Edition|devotion-19-ibiza-edition/2592360|Maniana Records|2019-06-03
Miami 2019|miami-2019/2542142|Dbeatzion Records|2019-03-18
Kick In The Groove|kick-in-the-groove/2483898|Dbeatzion Records|2019-01-25
New Year 2019|new-year-2019/2458657|Crumpled Sound|2018-12-31
2019 Weapons|2019-weapons/2463013|Dbeatzion Records|2018-12-28
Asia|asia/2451954|Rundell Beatz|2018-12-27
Policiya|policiya/2419491|Dbeatzion Records|2018-10-29
Dbeatzion Acapellas, Vol. 7|dbeatzion-acapellas-vol-7/2416511|Dbeatzion Records|2018-10-22
Like That (Ver-Dikt Remix)|like-that-ver-dikt-remix/2369355|Dbeatzion Records|2018-08-27
Lick Me All Around (Ver-Dikt Remix)|lick-me-all-around-ver-dikt-remix/2360388|Dbeatzion Records|2018-08-13
Sing It Back (Juan Ferreyro & Ver-Dikt Remixes)|sing-it-back-juan-ferreyro-ver-dikt-remixes/2346492|Dbeatzion Records|2018-07-23
Dbeatzion Acapellas, Vol. 6|dbeatzion-acapellas-vol-6/2342066|Dbeatzion Records|2018-07-16
We Ain't Ever Coming Down|we-aint-ever-coming-down/2330980|Dbeatzion Records|2018-07-09
Right Now|right-now/2276142|Dbeatzion Records|2018-05-07
Dbeatzion Acapellas Vol. 5|dbeatzion-acapellas-vol-5/2206429|Dbeatzion Records|2018-03-05
You & Me|you-me/2206372|Dbeatzion Records|2018-02-26
NY Dance 2018|ny-dance-2018/2170802|Crumpled Sound|2017-12-29
Hyperborea Ep|hyperborea-ep/2155411|Disco Balls Records|2017-12-15
8 Years of Dbeatzion Records (Part 5)|8-years-of-dbeatzion-records-part-5/2131064|Dbeatzion Records|2017-11-13
8 Years of Dbeatzion Records, Pt. 1|8-years-of-dbeatzion-records-pt-1/2126063|Dbeatzion Records|2017-10-30
Stop Dance|stop-dance/2108074|Dbeatzion Records|2017-10-02
DHM Sampler 006|dhm-sampler-006/2118129|Deep House Minister|2017-10-02
Inside You|inside-you/2099158|Crumpled Music|2017-09-29
I Need You EP|i-need-you-ep/2107347|Dbeatzion Records|2017-09-11
Asia|asia/2075736|Deep House Minister|2017-08-14
No Matter|no-matter/2056199|Deep House Minister|2017-07-31
Back To Me|back-to-me/2068956|Dbeatzion Records|2017-07-24
Sasha White Remix|sasha-white-remix/2036525|Deep House Minister|2017-07-03
Time Steel|time-steel/2054804|Dbeatzion Records|2017-07-03
Deeper|deeper/2019943|Deep House Minister|2017-06-12
The Funk|the-funk/2008865|Deep Strips|2017-05-26
Love Is Better|love-is-better/2013060|Deep Strips|2017-05-23
All You Want|all-you-want/1995001|Deep House Minister|2017-05-08
Don`t Give Up|dont-give-up/1968220|Deep House Minister|2017-04-03
Warbeats Frontline, Vol. 2|warbeats-frontline-vol-2/1959414|Warbeats Records|2017-03-06
This World|this-world/1935626|Deep House Minister|2017-02-20
Tati|tati/1908424|Carypla Records|2016-12-25
What Ever EP|what-ever-ep/1912027|Prison Entertainment|2016-12-09
Ver-Dikt|ver-dikt/1908488|Stereomoon|2016-12-07
PRISON WINTER SELECTION 2016|prison-winter-selection-2016/1896429|Prison Entertainment|2016-11-18
Soldier|soldier/1881340|Stereomoon|2016-11-01
